Date,Low,High,Close,Open
2019-05-16,1162.84,1188.16,1178.98,1164.51
2019-05-15,1116.67,1171.33,1164.21,1117.87
2019-05-14,1119.55,1140.42,1120.44,1137.21
2019-05-13,1122.11,1147.94,1132.03,1141.96
2019-05-10,1142.5,1172.6,1164.27,1163.59
2019-05-09,1150.85,1169.66,1162.38,1159.03
2019-05-08,1165.74,1180.42,1166.27,1172.01
2019-05-07,1161.04,1190.44,1174.1,1180.47
2019-05-06,1166.26,1190.85,1189.39,1166.26
2019-05-03,1169.0,1186.8,1185.4,1173.65
2019-05-02,1155.0,1174.19,1162.61,1167.76
2019-05-01,1167.18,1188.05,1168.08,1188.05
2019-04-30,1175.0,1192.81,1188.48,1185.0
2019-04-29,1266.29,1289.27,1287.58,1274.0
2019-04-26,1260.32,1273.07,1272.18,1269.0
2019-04-25,1252.03,1267.41,1263.45,1264.77
2019-04-24,1255.0,1268.01,1256.0,1264.12
2019-04-23,1246.38,1269.0,1264.55,1250.69
2019-04-22,1228.31,1249.09,1248.84,1235.99
2019-04-18,1234.61,1242.0,1236.37,1239.18
2019-04-17,1227.82,1240.56,1236.34,1233.0
2019-04-16,1220.12,1230.82,1227.13,1225.0
2019-04-15,1209.11,1224.2,1221.1,1218.0
2019-04-12,1208.11,1218.35,1217.87,1210.0
2019-04-11,1200.13,1207.96,1204.62,1203.96
2019-04-10,1196.43,1203.79,1202.16,1200.68
2019-04-09,1193.08,1202.29,1197.25,1196.0
2019-04-08,1199.86,1208.69,1203.84,1207.89
2019-04-05,1205.03,1216.22,1207.15,1214.99
2019-04-04,1204.13,1215.67,1215.0,1205.94
2019-04-03,1200.5,1216.3,1205.92,1207.48
2019-04-02,1185.71,1201.35,1200.49,1195.32
2019-04-01,1182.0,1196.66,1194.43,1184.1
2019-03-29,1162.88,1178.99,1173.31,1174.9
2019-03-28,1159.43,1171.57,1168.49,1171.54
2019-03-27,1159.37,1187.56,1173.02,1185.5
2019-03-26,1176.72,1202.83,1184.62,1198.53
2019-03-25,1187.04,1206.4,1193.0,1196.93
2019-03-22,1202.83,1230.0,1205.5,1226.32
2019-03-21,1213.15,1231.79,1231.54,1216.0
2019-03-20,1196.17,1227.14,1223.97,1197.35
2019-03-19,1185.87,1200.0,1198.85,1188.81
2019-03-18,1177.42,1190.0,1184.26,1183.3
2019-03-15,1182.61,1196.57,1184.46,1193.38
2019-03-14,1184.48,1197.88,1185.55,1194.51
2019-03-13,1191.94,1200.93,1193.32,1200.64
2019-03-12,1178.26,1200.0,1193.2,1178.26
2019-03-11,1144.45,1176.19,1175.76,1144.45
2019-03-08,1123.3,1147.08,1142.32,1126.73
2019-03-07,1134.91,1156.76,1143.3,1155.72
2019-03-06,1155.49,1167.57,1157.86,1162.49
2019-03-05,1146.19,1169.61,1162.03,1150.06
2019-03-04,1130.69,1158.28,1147.8,1146.99
2019-03-01,1124.75,1142.97,1140.99,1124.9
2019-02-28,1111.01,1127.65,1119.92,1111.3
2019-02-27,1101.0,1117.98,1116.05,1106.95
2019-02-26,1099.92,1119.51,1115.13,1105.75
2019-02-25,1107.27,1118.54,1109.4,1116.0
2019-02-22,1095.6,1111.24,1110.37,1100.9
2019-02-21,1092.52,1111.94,1096.97,1110.84
2019-02-20,1105.28,1123.41,1113.8,1119.99
2019-02-19,1110.0,1121.89,1118.56,1110.0
2019-02-15,1110.65,1131.67,1113.65,1130.08
2019-02-14,1110.44,1128.23,1121.67,1118.05
2019-02-13,1118.5,1134.73,1120.16,1124.99
2019-02-12,1105.85,1125.3,1121.37,1106.8
2019-02-11,1092.86,1105.94,1095.01,1096.95
2019-02-08,1086.55,1098.91,1095.06,1087.0
2019-02-07,1086.0,1104.84,1098.71,1104.16
2019-02-06,1112.77,1147.0,1115.23,1139.57
2019-02-05,1117.25,1146.85,1145.99,1124.84
2019-02-04,1109.02,1132.8,1132.8,1112.66
2019-02-01,1104.89,1125.0,1110.75,1112.4
2019-01-31,1095.41,1117.33,1116.37,1103.0
2019-01-30,1066.85,1091.0,1089.06,1068.43
2019-01-29,1055.86,1075.15,1060.62,1072.68
2019-01-28,1063.8,1083.0,1070.08,1080.11
2019-01-25,1081.82,1094.0,1090.99,1085.0
2019-01-24,1060.7,1079.47,1073.9,1076.48
2019-01-23,1059.75,1084.93,1075.57,1077.35
2019-01-22,1063.47,1091.51,1070.52,1088.0
2019-01-18,1090.9,1108.35,1098.26,1100.0
2019-01-17,1073.5,1091.8,1089.9,1079.47
2019-01-16,1079.34,1092.38,1080.97,1080.0
2019-01-15,1047.34,1080.05,1077.15,1050.17
2019-01-14,1041.26,1051.53,1044.69,1046.92
2019-01-11,1048.48,1063.78,1057.19,1063.18
2019-01-10,1057.71,1071.15,1070.33,1067.66
2019-01-09,1066.4,1082.63,1074.66,1081.65
2019-01-08,1060.53,1084.56,1076.28,1076.11
2019-01-07,1054.76,1074.0,1068.39,1071.5
2019-01-04,1027.42,1070.84,1070.71,1032.59
2019-01-03,1014.07,1056.98,1016.06,1041.0
2019-01-02,1015.71,1052.32,1045.85,1016.57
2018-12-31,1023.59,1052.7,1035.61,1050.96
2018-12-28,1033.1,1055.56,1037.08,1049.62
2018-12-27,997.0,1043.89,1043.88,1017.15
2018-12-26,983.0,1040.0,1039.46,989.01
2018-12-24,970.11,1003.54,976.22,973.9
2018-12-21,973.69,1024.02,979.54,1015.3
2018-12-20,996.36,1034.22,1009.41,1018.13
2018-12-19,1008.05,1062.0,1023.01,1033.99
2018-12-18,1021.44,1049.48,1028.71,1026.09
2018-12-17,1007.9,1053.15,1016.53,1037.51
2018-12-14,1040.79,1062.6,1042.1,1049.98
2018-12-13,1053.93,1079.76,1061.9,1068.07
2018-12-12,1062.79,1081.65,1063.68,1068.0
2018-12-11,1039.84,1060.6,1051.75,1056.49
2018-12-10,1023.29,1048.45,1039.55,1035.05
2018-12-07,1028.5,1075.26,1036.58,1060.01
2018-12-06,1030.77,1071.2,1068.73,1034.26
2018-12-04,1049.98,1104.42,1050.82,1103.12
2018-12-03,1103.66,1124.65,1106.43,1123.14
2018-11-30,1077.88,1095.57,1094.43,1089.07
2018-11-29,1076.0,1094.24,1088.3,1076.08
2018-11-28,1035.76,1086.84,1086.23,1048.76
2018-11-27,1038.49,1057.58,1044.41,1041.0
2018-11-26,1033.91,1049.31,1048.62,1038.35
2018-11-23,1022.4,1037.59,1023.88,1030.0
2018-11-21,1033.47,1048.56,1037.61,1036.76
2018-11-20,996.02,1031.74,1025.76,1000.0
2018-11-19,1016.26,1060.79,1020.0,1057.2
2018-11-16,1048.98,1067.0,1061.49,1059.41
2018-11-15,1031.78,1071.85,1064.71,1044.71
2018-11-14,1031.0,1054.56,1043.66,1050.0
2018-11-13,1031.15,1056.61,1036.05,1043.29
2018-11-12,1031.0,1062.12,1038.63,1061.39
2018-11-09,1053.11,1075.56,1066.15,1073.99
2018-11-08,1072.2,1093.27,1082.4,1091.38
2018-11-07,1065.9,1095.46,1093.39,1069.0
2018-11-06,1038.07,1064.35,1055.81,1039.48
2018-11-05,1021.24,1058.47,1040.09,1055.0
2018-11-02,1054.61,1082.97,1057.79,1073.73
2018-11-01,1062.46,1083.97,1070.0,1075.8
2018-10-31,1057.0,1091.94,1076.77,1059.81
2018-10-30,1000.75,1037.49,1036.21,1008.46
2018-10-29,995.83,1097.04,1020.08,1082.47
2018-10-26,1034.09,1106.53,1071.47,1037.03
2018-10-25,1069.55,1110.98,1095.57,1071.79
2018-10-24,1048.74,1106.12,1050.71,1104.25
2018-10-23,1070.0,1107.89,1103.69,1080.89
2018-10-22,1091.0,1112.23,1101.16,1103.06
2018-10-19,1087.75,1110.36,1096.46,1093.37
2018-10-18,1077.09,1121.84,1087.97,1121.84
2018-10-17,1102.19,1128.99,1115.69,1126.46
2018-10-16,1102.5,1124.22,1121.28,1104.59
2018-10-15,1089.0,1113.45,1092.25,1108.91
2018-10-12,1086.4,1115.0,1110.08,1108.0
2018-10-11,1068.27,1106.4,1079.32,1072.94
2018-10-10,1081.13,1132.17,1081.22,1131.08
2018-10-09,1137.57,1154.35,1138.82,1146.15
2018-10-08,1127.36,1168.0,1148.97,1150.11
2018-10-05,1145.12,1173.5,1157.35,1167.5
2018-10-04,1155.58,1197.51,1168.19,1195.33
2018-10-03,1193.83,1206.41,1202.95,1205.0
2018-10-02,1186.63,1209.96,1200.11,1190.96
2018-10-01,1190.3,1209.9,1195.31,1199.89
2018-09-28,1184.5,1195.41,1193.47,1191.87
2018-09-27,1183.63,1202.1,1194.64,1186.73
2018-09-26,1174.77,1194.23,1180.49,1185.15
2018-09-25,1168.0,1186.88,1184.65,1176.15
2018-09-24,1146.91,1178.0,1173.37,1157.17
2018-09-21,1166.04,1192.21,1166.09,1192.0
2018-09-20,1173.36,1189.89,1186.87,1179.99
2018-09-19,1154.58,1173.21,1171.09,1164.98
2018-09-18,1157.09,1176.08,1161.22,1157.09
2018-09-17,1154.03,1177.24,1156.05,1170.14
2018-09-14,1168.33,1180.42,1172.53,1179.1
2018-09-13,1162.85,1178.61,1175.33,1170.74
2018-09-12,1158.36,1178.61,1162.82,1172.72
2018-09-11,1156.24,1178.68,1177.36,1161.63
2018-09-10,1160.11,1174.54,1164.64,1172.19
2018-09-07,1157.21,1175.26,1164.83,1158.67
2018-09-06,1152.0,1186.3,1171.44,1186.3
2018-09-05,1162.0,1199.01,1186.48,1193.8
2018-09-04,1192.5,1212.99,1197.0,1204.27
2018-08-31,1211.29,1238.66,1218.19,1234.98
2018-08-30,1232.59,1253.63,1239.12,1244.23
2018-08-29,1236.36,1250.66,1249.3,1237.45
2018-08-28,1228.69,1242.55,1231.15,1241.29
2018-08-27,1225.72,1243.09,1241.82,1227.6
2018-08-24,1206.36,1221.65,1220.65,1208.82
2018-08-23,1204.24,1221.28,1205.38,1207.14
2018-08-22,1199.0,1211.84,1207.33,1200.0
2018-08-21,1200.35,1217.26,1201.62,1208.0
2018-08-20,1194.63,1211.0,1207.77,1205.02
2018-08-17,1188.24,1209.02,1200.96,1202.03
2018-08-16,1202.55,1226.0,1206.49,1224.73
2018-08-15,1209.51,1235.24,1214.38,1229.26
2018-08-14,1225.11,1245.87,1242.1,1235.19
2018-08-13,1233.64,1249.27,1235.01,1236.98
2018-08-10,1232.0,1245.69,1237.61,1243.0
2018-08-09,1246.01,1255.54,1249.1,1249.9
2018-08-08,1238.01,1256.5,1245.61,1240.47
2018-08-07,1236.17,1251.17,1242.22,1237.0
2018-08-06,1215.8,1226.09,1224.77,1225.0
2018-08-03,1215.06,1230.0,1223.71,1229.62
2018-08-02,1204.79,1229.88,1226.15,1205.9
2018-08-01,1210.21,1233.47,1220.01,1228.0
2018-07-31,1205.6,1227.59,1217.26,1220.01
2018-07-30,1211.47,1234.92,1219.74,1228.01
2018-07-27,1231.0,1273.89,1238.5,1271.0
2018-07-26,1249.02,1269.77,1268.33,1251.0
2018-07-25,1239.13,1265.86,1263.7,1239.13
2018-07-24,1235.56,1266.0,1248.08,1262.59
2018-07-23,1181.0,1206.49,1205.5,1181.01
2018-07-20,1184.22,1196.86,1184.91,1186.96
2018-07-19,1183.32,1200.0,1186.96,1191.0
2018-07-18,1190.34,1204.5,1195.88,1196.56
2018-07-17,1170.6,1203.04,1198.8,1172.22
2018-07-16,1179.28,1191.0,1183.86,1189.39
2018-07-13,1180.0,1195.42,1188.82,1185.0
2018-07-12,1155.93,1184.41,1183.48,1159.89
2018-07-11,1141.0,1164.29,1153.9,1144.59
2018-07-10,1149.59,1159.59,1152.84,1156.98
2018-07-09,1143.42,1154.67,1154.05,1148.48
2018-07-06,1120.74,1140.93,1140.17,1123.58
2018-07-05,1108.48,1127.5,1124.27,1110.53
2018-07-03,1100.02,1135.82,1102.89,1135.82
2018-07-02,1093.8,1128.0,1127.46,1099.0
2018-06-29,1115.0,1128.23,1115.65,1120.0
2018-06-28,1096.01,1122.31,1114.22,1102.09
2018-06-27,1103.62,1131.84,1103.98,1121.34
2018-06-26,1116.66,1133.21,1118.46,1128.0
2018-06-25,1112.78,1143.91,1124.81,1143.6
2018-06-22,1147.26,1162.5,1155.48,1159.14
2018-06-21,1152.23,1177.3,1157.66,1174.85
2018-06-20,1169.16,1186.29,1169.84,1175.31
2018-06-19,1154.01,1171.27,1168.06,1158.5
2018-06-18,1143.59,1174.31,1173.46,1143.65
2018-06-15,1143.48,1153.42,1152.26,1148.86
2018-06-14,1140.64,1155.47,1152.12,1143.85
2018-06-13,1133.38,1146.5,1134.79,1141.12
2018-06-12,1130.73,1139.79,1139.32,1131.07
2018-06-11,1118.6,1137.26,1129.99,1118.6
2018-06-08,1112.15,1126.67,1120.87,1118.18
2018-06-07,1116.52,1135.82,1123.86,1131.32
2018-06-06,1125.74,1143.0,1136.88,1142.17
2018-06-05,1133.19,1145.74,1139.66,1140.99
2018-06-04,1122.01,1141.89,1139.29,1122.33
2018-06-01,1098.5,1120.0,1119.5,1099.35
2018-05-31,1067.56,1097.19,1084.99,1067.56
2018-05-30,1056.83,1069.21,1067.8,1063.03
2018-05-29,1055.22,1073.37,1060.32,1064.89
2018-05-25,1073.78,1082.56,1075.66,1079.02
2018-05-24,1066.15,1080.47,1079.24,1079.0
2018-05-23,1061.71,1080.78,1079.69,1065.13
2018-05-22,1066.69,1086.59,1069.73,1083.56
2018-05-21,1073.65,1088.0,1079.58,1074.06
2018-05-18,1060.68,1069.94,1066.36,1061.86
2018-05-17,1073.5,1086.87,1078.59,1079.89
2018-05-16,1076.26,1089.27,1081.77,1077.31
2018-05-15,1073.47,1090.05,1079.23,1090.0
2018-05-14,1099.11,1110.75,1100.2,1100.0
2018-05-11,1090.91,1101.33,1098.26,1093.6
2018-05-10,1085.64,1100.44,1097.57,1086.03
2018-05-09,1056.37,1085.44,1082.76,1058.1
2018-05-08,1047.14,1060.55,1053.91,1058.54
2018-05-07,1047.1,1061.68,1054.79,1049.23
2018-05-04,1016.9,1048.51,1048.21,1016.9
2018-05-03,1006.29,1029.67,1023.72,1019.0
2018-05-02,1022.87,1040.39,1024.38,1028.1
2018-05-01,1008.21,1038.47,1037.31,1013.66
2018-04-30,1016.85,1037.0,1017.33,1030.01
2018-04-27,1025.59,1049.5,1030.05,1046.0
2018-04-26,1018.19,1047.98,1040.04,1029.51
2018-04-25,1015.31,1032.49,1021.18,1025.52
2018-04-24,1010.59,1057.0,1019.98,1052.0
2018-04-23,1060.7,1082.72,1067.45,1077.86
2018-04-20,1069.57,1092.35,1072.96,1082.0
2018-04-19,1068.18,1094.16,1087.7,1069.4
2018-04-18,1066.22,1077.43,1072.08,1077.43
2018-04-17,1048.26,1077.88,1074.16,1051.37
2018-04-16,1026.74,1043.24,1037.98,1037.0
2018-04-13,1022.98,1046.42,1029.27,1040.88
2018-04-12,1021.43,1040.69,1032.51,1025.04
2018-04-11,1015.87,1031.36,1019.97,1027.99
2018-04-10,1011.34,1036.28,1031.64,1026.44
2018-04-09,1014.08,1039.6,1015.45,1016.8
2018-04-06,1003.03,1031.42,1007.04,1020.0
2018-04-05,1020.13,1042.79,1027.81,1041.33
2018-04-04,993.0,1028.72,1025.14,993.41
2018-04-03,994.07,1020.99,1013.41,1013.91
2018-04-02,990.37,1034.8,1006.47,1022.82
2018-03-29,1002.9,1043.0,1031.79,1011.63
2018-03-28,980.64,1024.23,1004.56,998.0
2018-03-27,996.92,1064.84,1005.1,1063.0
2018-03-26,1008.4,1055.63,1053.21,1046.0
2018-03-23,1021.22,1063.36,1021.57,1047.03
2018-03-22,1045.91,1082.9,1049.08,1081.88
2018-03-21,1085.15,1106.3,1090.88,1092.74
2018-03-20,1083.46,1105.2,1097.71,1099.0
2018-03-19,1089.01,1121.99,1099.82,1120.01
2018-03-16,1131.96,1155.88,1135.73,1154.14
2018-03-15,1134.54,1161.08,1149.58,1149.96
2018-03-14,1141.44,1158.59,1149.49,1145.21
2018-03-13,1133.33,1176.76,1138.17,1170.0
2018-03-12,1157.42,1177.05,1164.5,1163.85
2018-03-09,1132.46,1160.8,1160.04,1136.0
2018-03-08,1112.8,1127.6,1126.0,1115.32
2018-03-07,1085.48,1112.22,1109.64,1089.19
2018-03-06,1089.78,1101.85,1095.06,1099.22
2018-03-05,1069.0,1097.1,1090.93,1075.14
2018-03-02,1048.12,1082.0,1078.92,1053.08
2018-03-01,1067.0,1110.12,1069.52,1107.87
2018-02-28,1103.24,1127.53,1104.73,1123.03
2018-02-27,1118.0,1144.04,1118.29,1141.24
2018-02-26,1126.69,1143.96,1143.75,1127.8
2018-02-23,1104.71,1127.28,1126.79,1112.64
2018-02-22,1102.59,1122.82,1106.63,1116.19
2018-02-21,1106.33,1133.97,1111.34,1106.47
2018-02-20,1088.52,1113.95,1102.46,1090.57
2018-02-16,1088.31,1104.67,1094.8,1088.41
2018-02-15,1064.34,1091.48,1089.52,1079.07
2018-02-14,1046.75,1071.72,1069.7,1048.95
2018-02-13,1044.09,1058.37,1052.1,1045.0
2018-02-12,1040.93,1061.5,1051.94,1048.0
2018-02-09,992.56,1043.97,1037.78,1017.25
2018-02-08,1000.66,1058.62,1001.52,1055.41
2018-02-07,1048.26,1081.78,1048.58,1081.54
2018-02-06,1023.14,1081.71,1080.6,1027.18
2018-02-05,1052.03,1110.0,1055.8,1090.6
2018-02-02,1107.28,1123.07,1111.9,1122.0
2018-02-01,1157.52,1174.0,1167.7,1162.61
2018-01-31,1159.13,1173.0,1169.94,1170.57
2018-01-30,1163.52,1176.52,1163.69,1167.83
2018-01-29,1171.98,1186.89,1175.58,1176.48
2018-01-26,1158.11,1175.84,1175.84,1175.08
2018-01-25,1162.76,1175.94,1170.37,1172.53
2018-01-24,1161.05,1179.86,1164.24,1177.33
2018-01-23,1158.75,1171.63,1169.97,1159.85
2018-01-22,1135.11,1159.88,1155.81,1137.49
2018-01-19,1128.3,1137.86,1137.51,1131.83
2018-01-18,1117.5,1132.51,1129.79,1131.41
2018-01-17,1117.01,1132.6,1131.98,1126.22
2018-01-16,1117.83,1139.91,1121.76,1132.51
2018-01-12,1101.15,1124.29,1122.26,1102.41
2018-01-11,1099.59,1106.53,1105.52,1106.3
2018-01-10,1096.11,1104.6,1102.61,1097.1
2018-01-09,1101.23,1110.57,1106.26,1109.4
2018-01-08,1101.62,1111.27,1106.94,1102.23
2018-01-05,1092.0,1104.25,1102.23,1094.0
2018-01-04,1084.0,1093.57,1086.4,1088.0
2018-01-03,1063.21,1086.29,1082.48,1064.31
2018-01-02,1045.23,1066.94,1065.0,1048.34
2017-12-29,1044.9,1049.7,1046.4,1046.72
2017-12-28,1044.77,1054.75,1048.14,1051.6
2017-12-27,1048.05,1058.37,1049.37,1057.39
2017-12-26,1050.2,1060.12,1056.74,1058.07
2017-12-22,1059.44,1064.2,1060.12,1061.11
2017-12-21,1061.79,1069.33,1063.63,1064.95
2017-12-20,1061.52,1073.38,1064.95,1071.78
2017-12-19,1063.55,1076.84,1070.68,1075.2
2017-12-18,1062.0,1078.49,1077.14,1066.08
2017-12-15,1049.5,1067.62,1064.19,1054.61
2017-12-14,1043.11,1058.5,1049.15,1045.0
2017-12-13,1038.38,1046.66,1040.61,1046.12
2017-12-12,1033.69,1050.31,1040.48,1039.63
2017-12-11,1032.05,1043.8,1041.1,1035.5
2017-12-08,1032.52,1042.05,1037.05,1037.49
2017-12-07,1018.07,1034.24,1030.93,1020.43
2017-12-06,1001.14,1024.97,1018.38,1001.5
2017-12-05,988.28,1020.61,1005.15,995.94
2017-12-04,995.57,1016.1,998.68,1012.66
2017-12-01,1002.02,1022.49,1010.17,1015.8
2017-11-30,1015.0,1028.49,1021.41,1022.37
2017-11-29,1015.65,1044.08,1021.66,1042.68
2017-11-28,1040.0,1062.38,1047.41,1055.09
2017-11-27,1038.44,1055.46,1054.21,1040.0
2017-11-24,1035.0,1043.18,1040.61,1035.87
2017-11-22,1031.43,1039.706,1035.96,1035.0
2017-11-21,1022.655,1035.11,1034.49,1023.31
2017-11-20,1017.5,1022.61,1018.38,1020.26
2017-11-17,1017.75,1034.42,1019.09,1034.01
2017-11-16,1022.52,1035.92,1032.5,1022.52
2017-11-15,1015.42,1024.09,1020.91,1019.21
2017-11-14,1014.15,1026.81,1026.0,1022.59
2017-11-13,1022.57,1031.58,1025.75,1023.42
2017-11-10,1025.28,1030.76,1028.07,1026.46
2017-11-09,1019.666,1033.99,1031.26,1033.99
2017-11-08,1028.45,1043.522,1039.85,1030.52
2017-11-07,1025.13,1033.97,1033.33,1027.27
2017-11-06,1025.0,1034.87,1025.9,1028.99
2017-11-03,1020.31,1032.65,1032.48,1022.11
2017-11-02,1013.01,1028.09,1025.58,1021.76
2017-11-01,1016.95,1029.67,1025.5,1017.21
2017-10-31,1010.42,1024.0,1016.64,1015.22
2017-10-30,1007.5,1024.97,1017.11,1014.0
2017-10-27,1008.2,1048.39,1019.27,1009.19
2017-10-26,972.2,987.6,972.56,980.0
2017-10-25,960.52,976.09,973.33,968.37
2017-10-24,961.0,972.23,970.54,970.0
2017-10-23,966.12,989.52,968.45,989.52
2017-10-20,984.58,991.0,988.2,989.44
2017-10-19,978.39,988.88,984.45,986.0
2017-10-18,986.975,996.72,992.81,991.77
2017-10-17,988.59,996.44,992.18,990.29
2017-10-16,984.0,993.907,992.0,992.1
2017-10-13,989.0,997.21,989.68,992.0
2017-10-12,985.0,994.12,987.83,987.45
2017-10-11,972.25,990.71,989.25,973.72
2017-10-10,966.08,981.57,972.6,980.0
2017-10-09,976.11,985.425,977.0,980.0
2017-10-06,963.36,979.46,978.89,966.7
2017-10-05,955.18,970.91,969.96,955.49
2017-10-04,950.69,960.39,951.68,957.0
2017-10-03,949.14,958.0,957.79,954.0
2017-10-02,947.84,962.54,953.27,959.98
2017-09-29,951.51,959.786,959.11,952.0
2017-09-28,940.55,950.69,949.5,941.36
2017-09-27,927.74,949.9,944.49,927.74
2017-09-26,921.14,930.82,924.86,923.72
2017-09-25,909.7,926.4,920.97,925.45
2017-09-22,926.48,934.73,928.53,927.75
2017-09-21,923.83,936.53,932.45,933.0
2017-09-20,922.0,933.88,931.58,922.98
2017-09-19,912.55,922.42,921.81,917.42
2017-09-18,910.6,922.08,915.0,920.01
2017-09-15,916.36,926.49,920.29,924.66
2017-09-14,924.0,932.77,925.11,931.25
2017-09-13,929.86,937.25,935.09,930.66
2017-09-12,923.861,933.48,932.07,932.59
2017-09-11,926.92,938.38,929.08,934.25
2017-09-08,924.88,936.99,926.5,936.49
2017-09-07,923.62,936.41,935.95,931.73
2017-09-06,919.27,930.915,927.81,930.15
2017-09-05,921.96,937.0,928.45,933.08
2017-09-01,935.15,942.48,937.34,941.13
2017-08-31,931.76,941.98,939.33,931.76
2017-08-30,919.65,930.819,929.57,920.05
2017-08-29,905.0,923.33,921.29,905.1
2017-08-28,911.87,919.245,913.81,916.0
2017-08-25,915.5,925.555,915.89,923.49
2017-08-24,915.5,930.84,921.28,928.66
2017-08-23,919.36,929.93,927.0,921.93
2017-08-22,911.475,925.86,924.69,912.72
2017-08-21,903.4,913.0,906.66,910.0
2017-08-18,907.154,915.275,910.67,910.31
2017-08-17,910.98,926.86,910.98,925.78
2017-08-16,923.445,932.7,926.96,925.29
2017-08-15,919.82,926.55,922.22,924.23
2017-08-14,918.19,924.668,922.67,922.53
2017-08-11,905.58,917.78,914.39,907.97
2017-08-10,906.13,919.26,907.24,917.55
2017-08-09,917.25,925.98,922.9,920.61
2017-08-08,925.61,935.814,926.79,927.09
2017-08-07,926.5,931.7,929.36,929.06
2017-08-04,923.03,930.307,927.96,926.75
2017-08-03,922.24,932.24,923.65,930.34
2017-08-02,916.68,932.6,930.39,928.61
2017-08-01,929.26,937.447,930.83,932.38
2017-07-31,926.04,943.59,930.5,941.89
2017-07-28,927.5,943.83,941.53,929.4
2017-07-27,920.0,951.78,934.09,951.78
2017-07-26,942.279,955.0,947.8,954.68
2017-07-25,945.4,959.7,950.7,953.81
2017-07-24,970.77,986.2,980.34,972.22
2017-07-21,960.15,973.23,972.92,962.25
2017-07-20,961.51,975.9,968.15,975.0
2017-07-19,964.03,973.04,970.89,967.84
2017-07-18,950.6,968.04,965.4,953.0
2017-07-17,949.241,960.74,953.42,957.0
2017-07-14,948.005,956.91,955.99,952.0
2017-07-13,943.01,954.45,947.16,946.29
2017-07-12,934.47,946.3,943.83,938.68
2017-07-11,922.0,931.43,930.09,929.54
2017-07-10,919.59,930.38,928.8,921.77
2017-07-07,908.85,921.54,918.59,908.85
2017-07-06,899.7,914.9444,906.69,904.12
2017-07-05,898.5,914.51,911.71,901.76
2017-07-03,894.79,913.94,898.7,912.18
2017-06-30,908.31,926.05,908.73,926.05
2017-06-29,910.62,931.26,917.79,929.92
2017-06-28,916.0,942.75,940.49,929.0
2017-06-27,926.85,948.29,927.33,942.46
2017-06-26,950.79,973.31,952.27,969.9
2017-06-23,954.2,966.0,965.59,956.83
2017-06-22,954.55,960.72,957.09,958.7
2017-06-21,950.76,960.1,959.45,953.64
2017-06-20,950.01,961.62,950.63,957.52
2017-06-19,949.05,959.99,957.37,949.96
2017-06-16,931.595,942.04,939.78,940.0
2017-06-15,924.44,943.339,942.31,933.97
2017-06-14,942.25,961.15,950.76,959.92
2017-06-13,944.09,959.98,953.4,951.91
2017-06-12,915.233,949.355,942.9,939.56
2017-06-09,935.63,984.5,949.83,984.5
2017-06-08,977.2,984.57,983.41,982.35
2017-06-07,975.94,983.98,980.94,980.0
2017-06-06,975.14,988.25,976.57,983.16
2017-06-05,975.1,986.91,983.68,976.55
2017-06-02,966.0,975.88,975.6,969.46
2017-06-01,960.01,971.5,966.95,968.95
2017-05-31,960.18,979.27,964.86,975.02
2017-05-30,969.49,976.2,975.88,970.31
2017-05-26,965.03,974.98,971.47,969.7
2017-05-25,955.47,972.629,969.54,957.33
2017-05-24,949.5,955.09,954.96,952.98
2017-05-23,942.575,951.467,948.82,947.92
2017-05-22,935.0,941.883,941.86,935.0
2017-05-19,931.0,937.755,934.01,931.47
2017-05-18,918.75,933.17,930.24,921.0
2017-05-17,918.14,939.333,919.62,935.67
2017-05-16,937.58,943.11,943.0,940.0
2017-05-15,929.34,938.25,937.08,932.95
2017-05-12,927.85,933.44,932.22,931.53
2017-05-11,923.03,932.53,930.6,925.32
2017-05-10,925.16,932.0,928.78,931.98
2017-05-09,929.53,937.5,932.17,936.95
2017-05-08,925.26,936.925,934.3,926.12
2017-05-05,925.2,934.9,927.13,933.54
2017-05-04,924.59,935.93,931.66,926.07
2017-05-03,912.543,928.1,927.04,914.86
2017-05-02,909.453,920.77,916.44,909.62
2017-05-01,901.45,915.68,912.57,901.94
2017-04-28,905.77,916.85,905.96,910.66
2017-04-27,870.38,875.4,874.25,873.6
2017-04-26,867.748,876.05,871.73,874.23
2017-04-25,862.81,875.0,872.3,865.0
2017-04-24,849.86,863.45,862.76,851.2
2017-04-21,840.6,843.88,843.19,842.88
2017-04-20,839.32,845.2,841.65,841.44
2017-04-19,836.29,842.22,838.21,839.79
2017-04-18,832.71,838.93,836.82,834.22
2017-04-17,824.47,837.75,837.17,825.01
2017-04-13,821.44,826.38,823.56,822.14
2017-04-12,821.02,826.66,824.32,821.93
2017-04-11,817.02,827.427,823.35,824.71
2017-04-10,823.77,829.35,824.73,825.39
2017-04-07,820.513,828.485,824.67,827.96
2017-04-06,826.46,836.39,827.88,832.4
2017-04-05,830.72,842.45,831.41,835.51
2017-04-04,829.036,835.18,834.57,831.36
2017-04-03,829.22,840.85,838.55,829.22
2017-03-31,827.39,831.64,829.56,828.97
2017-03-30,829.0,833.68,831.5,833.5
2017-03-29,822.3801,832.765,831.41,825.0
2017-03-28,814.027,825.99,820.92,820.41
2017-03-27,803.37,821.63,819.51,806.95
2017-03-24,808.89,821.93,814.43,820.08
2017-03-23,812.257,822.57,817.58,821.0
2017-03-22,827.1801,835.55,829.59,831.91
2017-03-21,829.02,853.5,830.46,851.4
2017-03-20,845.15,850.22,848.4,850.01
2017-03-17,847.11,853.4,852.12,851.61
2017-03-16,846.13,850.85,848.78,849.03
2017-03-15,840.77,848.63,847.2,847.59
2017-03-14,840.8,847.24,845.62,843.64
2017-03-13,843.25,848.685,845.54,844.0
2017-03-10,839.5,844.91,843.25,843.28
2017-03-09,834.21,842.0,838.68,836.0
2017-03-08,831.79,838.15,835.37,833.51
2017-03-07,826.52,833.41,831.91,827.4
2017-03-06,822.4,828.88,827.78,826.95
2017-03-03,825.751,831.36,829.08,830.56
2017-03-02,829.64,834.51,830.63,833.85
2017-03-01,827.26,836.255,835.24,828.85
2017-02-28,820.2,828.54,823.21,825.61
2017-02-27,824.0,830.5,829.28,824.55
2017-02-24,824.2,829.0,828.64,827.73
2017-02-23,822.88,832.46,831.33,830.12
2017-02-22,828.64,833.25,830.76,828.66
2017-02-21,828.35,833.45,831.66,828.66
2017-02-17,821.655,828.07,828.07,823.02
2017-02-16,818.98,824.4,824.16,819.93
2017-02-15,818.47,823.0,818.98,819.36
2017-02-14,816.0,823.0,820.45,819.0
2017-02-13,815.49,820.959,819.24,816.0
2017-02-10,809.78,815.25,813.67,811.7
2017-02-09,804.54,810.66,809.56,809.51
2017-02-08,803.1903,811.84,808.38,807.0
2017-02-07,801.78,810.5,806.97,803.99
2017-02-06,795.2501,801.67,801.34,799.7
2017-02-03,800.37,806.0,801.49,802.99
2017-02-02,792.0,802.7,798.53,793.8
2017-02-01,791.19,801.19,795.695,799.68
2017-01-31,790.52,801.25,796.79,796.86
2017-01-30,799.8,815.84,802.32,814.66
2017-01-27,820.44,841.95,823.31,834.71
2017-01-26,827.01,838.0,832.15,837.81
2017-01-25,825.06,835.77,835.67,829.62
2017-01-24,817.821,825.9,823.87,822.3
2017-01-23,803.74,820.87,819.31,807.25
2017-01-20,801.69,806.91,805.02,806.91
2017-01-19,801.8,809.48,802.175,805.12
2017-01-18,800.99,806.205,806.07,805.81
2017-01-17,800.37,807.14,804.61,807.08
2017-01-13,806.69,811.2244,807.88,807.48
2017-01-12,799.17,807.39,806.36,807.14
2017-01-11,801.37,808.15,807.91,805.0
2017-01-10,803.51,809.1299,804.79,807.86
2017-01-09,802.83,809.9664,806.65,806.4
2017-01-06,792.2041,807.9,806.15,795.26
2017-01-05,785.02,794.48,794.02,786.08
2017-01-04,783.16,791.34,786.9,788.36
2017-01-03,775.8,789.63,786.14,778.81
2016-12-30,770.41,782.78,771.82,782.75
2016-12-29,778.92,785.93,782.79,783.33
2016-12-28,783.2,794.23,785.05,793.7
2016-12-27,787.657,797.86,791.55,790.68
2016-12-23,787.28,792.74,789.91,790.9
2016-12-22,788.58,793.32,791.26,792.36
2016-12-21,787.1,796.6757,794.56,795.84
2016-12-20,793.27,798.65,796.42,796.76
2016-12-19,786.27,797.66,794.2,790.22
2016-12-16,790.29,800.8558,790.8,800.4
2016-12-15,792.92,803.0,797.85,797.34
2016-12-14,794.01,804.0,797.07,797.4
2016-12-13,793.34,804.3799,796.1,793.9
2016-12-12,784.3554,791.25,789.27,785.04
2016-12-09,779.021,789.43,789.29,780.0
2016-12-08,767.23,778.18,776.42,772.48
2016-12-07,755.8,771.36,771.19,761.0
2016-12-06,757.34,768.83,759.11,764.73
2016-12-05,752.9,763.9,762.52,757.71
2016-12-02,743.1,754.0,750.5,744.59
2016-12-01,737.0245,759.85,747.92,757.44
2016-11-30,754.83,772.99,758.04,770.07
2016-11-29,768.24,778.5,770.84,771.53
2016-11-28,759.8,779.53,768.24,760.0
2016-11-25,760.52,765.0,761.68,764.26
2016-11-23,755.25,768.2825,760.99,767.73
2016-11-22,767.0,776.96,768.27,772.63
2016-11-21,760.6,769.7,769.2,762.61
2016-11-18,760.0,775.0,760.54,771.37
2016-11-17,764.23,772.7,771.23,766.92
2016-11-16,750.51,766.36,764.48,755.2
2016-11-15,746.97,764.4162,758.49,746.97
2016-11-14,727.54,757.85,736.08,755.6
2016-11-11,750.38,760.78,754.02,756.54
2016-11-10,752.18,791.17,762.56,791.17
2016-11-09,771.67,791.2265,785.31,779.94
2016-11-08,780.19,795.633,790.51,783.4
2016-11-07,772.55,785.19,782.52,774.5
2016-11-04,750.5611,770.36,762.02,750.66
2016-11-03,759.03,769.95,762.13,767.25
2016-11-02,763.4496,781.65,768.7,778.2
2016-11-01,775.54,789.49,783.61,782.89
2016-10-31,784.0,796.86,784.54,795.47
2016-10-28,793.59,815.49,795.37,808.35
2016-10-27,791.5,803.49,795.35,801.0
2016-10-26,796.32,806.98,799.07,806.34
2016-10-25,805.14,816.68,807.67,816.68
2016-10-24,804.82,815.18,813.11,804.9
2016-10-21,794.0,799.5,799.37,795.0
2016-10-20,796.03,803.97,796.97,803.3
2016-10-19,797.635,804.63,801.56,798.86
2016-10-18,785.565,801.61,795.26,787.85
2016-10-17,777.5,785.85,779.96,779.8
2016-10-14,776.0,783.95,778.53,781.65
2016-10-13,773.0,781.22,778.19,781.22
2016-10-12,782.06,788.13,786.14,783.76
2016-10-11,780.58,792.28,783.07,786.66
2016-10-10,775.87,789.38,785.94,777.71
2016-10-07,770.75,779.66,775.08,779.66
2016-10-06,775.54,780.48,776.86,779.0
2016-10-05,775.65,782.07,776.47,779.31
2016-10-04,772.89,778.71,776.43,776.03
2016-10-03,769.5,776.065,772.56,774.25
2016-09-30,774.09,780.94,777.29,776.33
2016-09-29,774.232,785.8,775.01,781.44
2016-09-28,774.97,781.81,781.56,777.85
2016-09-27,774.308,785.9899,783.01,775.5
2016-09-26,773.07,782.74,774.21,782.74
2016-09-23,784.15,788.93,786.9,786.59
2016-09-22,778.44,789.85,787.21,780.0
2016-09-21,768.301,777.16,776.22,772.66
2016-09-20,768.53,773.33,771.41,769.0
2016-09-19,764.4406,774.0,765.7,772.42
2016-09-16,764.66,769.75,768.88,769.75
2016-09-15,759.96,773.8,771.76,762.89
2016-09-14,759.11,767.68,762.49,759.61
2016-09-13,755.8,766.2195,759.69,764.48
2016-09-12,754.0001,770.29,769.02,755.13
2016-09-09,759.66,773.245,759.66,770.1
2016-09-08,773.58,780.35,775.32,778.59
2016-09-07,776.2,782.73,780.35,780.0
2016-09-06,771.0,782.0,780.08,773.45
2016-09-02,768.41,773.9199,771.46,773.01
2016-09-01,764.3,771.02,768.78,769.25
2016-08-31,765.38,769.09,767.05,767.01
2016-08-30,766.84,774.466,769.09,769.33
2016-08-29,766.615,774.99,772.15,768.74
2016-08-26,765.85,776.0799,769.54,769.0
2016-08-25,763.1846,771.89,769.41,767.0
2016-08-24,767.07,774.5,769.64,770.58
2016-08-23,771.785,776.44,772.08,775.48
2016-08-22,770.0502,774.54,772.15,773.27
2016-08-19,773.13,777.1,775.42,775.0
2016-08-18,777.0,782.86,777.5,780.01
2016-08-17,773.53,780.81,779.91,777.32
2016-08-16,773.444,780.98,777.14,780.3
2016-08-15,780.11,787.49,782.44,783.75
2016-08-12,780.4,783.395,783.22,781.5
2016-08-11,782.97,789.75,784.85,785.0
2016-08-10,782.778,786.8123,784.68,783.75
2016-08-09,780.57,788.94,784.26,781.1
2016-08-08,778.091,782.63,781.76,782.0
2016-08-05,772.34,783.04,782.22,773.78
2016-08-04,768.795,774.07,771.61,772.22
2016-08-03,766.82,773.21,773.18,767.18
2016-08-02,767.85,775.84,771.07,768.69
2016-08-01,761.09,780.43,772.88,761.09
2016-07-29,766.77,778.55,768.79,772.71
2016-07-28,739.3,748.65,745.91,747.04
2016-07-27,737.0,744.46,741.77,738.28
2016-07-26,734.27,741.69,738.42,739.04
2016-07-25,737.5,742.61,739.77,740.67
2016-07-22,736.56,743.24,742.74,741.86
2016-07-21,735.831,741.69,738.63,740.36
2016-07-20,737.1,742.13,741.19,737.33
2016-07-19,729.0,736.99,736.96,729.89
2016-07-18,721.19,736.13,733.78,722.71
2016-07-15,719.055,725.74,719.85,725.73
2016-07-14,718.03,722.21,720.95,721.58
2016-07-13,716.85,724.0,716.98,723.62
2016-07-12,715.91,722.94,720.64,719.12
2016-07-11,707.24,716.51,715.09,708.05
2016-07-08,696.435,705.71,705.63,699.5
2016-07-07,688.215,698.2,695.36,698.08
2016-07-06,689.09,701.68,697.77,689.98
2016-07-05,688.88,696.94,694.49,696.06
2016-07-01,692.1301,700.65,699.21,692.2
2016-06-30,683.65,692.32,692.1,685.47
2016-06-29,681.41,687.4292,684.11,683.0
2016-06-28,673.0,680.33,680.04,678.97
2016-06-27,663.284,672.3,668.26,671.0
2016-06-24,673.45,689.4,675.22,675.17
2016-06-23,687.0,701.95,701.87,697.45
2016-06-22,693.0819,700.86,697.46,699.06
2016-06-21,692.01,702.77,695.94,698.4
2016-06-20,693.41,702.48,693.71,698.77
2016-06-17,688.4515,708.82,691.72,708.65
2016-06-16,703.26,716.65,710.36,714.91
2016-06-15,717.31,722.98,718.92,719.0
2016-06-14,713.12,722.47,718.27,716.48
2016-06-13,716.51,725.44,718.36,716.51
2016-06-10,716.43,725.89,719.41,719.47
2016-06-09,722.3361,729.54,728.58,722.87
2016-06-08,720.58,728.57,728.28,723.96
2016-06-07,716.55,721.98,716.65,719.84
2016-06-06,714.61,724.91,716.55,724.91
2016-06-03,720.56,729.49,722.34,729.27
2016-06-02,724.17,733.02,730.4,732.5
2016-06-01,730.66,737.21,734.15,734.53
2016-05-31,731.26,739.73,735.72,731.74
2016-05-27,724.0,733.936,732.66,724.01
2016-05-26,720.28,728.33,724.12,722.87
2016-05-25,719.7047,727.51,725.27,720.76
2016-05-24,706.86,720.97,720.09,706.86
2016-05-23,704.18,711.4781,704.24,706.53
2016-05-20,700.52,714.58,709.74,701.62
2016-05-19,696.8,706.0,700.32,702.36
2016-05-18,700.63,711.6,706.63,703.67
2016-05-17,704.11,721.52,706.23,715.99
2016-05-16,705.65,718.48,716.49,709.13
2016-05-13,709.26,716.6619,710.83,711.93
2016-05-12,709.0,719.25,713.31,717.06
2016-05-11,712.8,724.48,715.29,723.41
2016-05-10,715.72,723.5,723.18,716.75
2016-05-09,710.0,718.71,712.9,712.0
2016-05-06,698.1067,711.86,711.12,698.38
2016-05-05,695.72,702.3199,701.43,697.7
2016-05-04,689.01,699.75,695.7,690.49
2016-05-03,692.0,697.84,692.36,696.87
2016-05-02,691.0,700.64,698.21,697.63
2016-04-29,689.0,697.62,693.01,690.7
2016-04-28,689.55,714.17,691.02,708.26
2016-04-27,692.3651,708.98,705.84,707.29
2016-04-26,703.0264,725.766,708.14,725.42
2016-04-25,715.59,723.93,723.15,716.1
2016-04-22,713.61,736.12,718.77,726.3
2016-04-21,749.55,760.45,759.14,755.38
2016-04-20,750.01,758.1315,752.67,758.0
2016-04-19,749.33,769.9,753.93,769.51
2016-04-18,757.3,768.05,766.61,760.46
2016-04-15,752.6938,761.0,759.0,753.98
2016-04-14,752.705,757.31,753.2,754.01
2016-04-13,744.261,754.38,751.72,749.16
2016-04-12,731.01,743.83,743.09,738.0
2016-04-11,736.05,745.0,736.1,743.02
2016-04-08,735.55,745.45,739.15,743.97
2016-04-07,736.28,746.9999,740.28,745.37
2016-04-06,735.56,746.24,745.69,735.77
2016-04-05,735.37,742.8,737.8,738.0
2016-04-04,742.43,752.8,745.29,750.06
2016-04-01,737.0,750.34,749.91,738.6
2016-03-31,740.94,750.85,744.95,749.25
2016-03-30,748.74,757.88,750.53,750.1
2016-03-29,728.76,747.25,744.77,734.59
2016-03-28,732.5,738.99,733.53,736.79
2016-03-24,731.0,737.747,735.3,732.01
2016-03-23,736.15,745.7199,738.06,742.36
2016-03-22,737.46,745.0,740.75,737.46
2016-03-21,733.5157,742.5,742.09,736.5
2016-03-18,731.83,742.0,737.6,741.86
2016-03-17,736.0,743.07,737.78,736.45
2016-03-16,724.51,737.47,736.09,726.37
2016-03-15,724.77,732.29,728.33,726.92
2016-03-14,725.15,735.5,730.49,726.81
2016-03-11,717.125,726.92,726.82,720.0
2016-03-10,703.36,716.44,712.82,708.12
2016-03-09,694.0,705.68,705.24,698.47
2016-03-08,685.34,703.79,693.97,688.59
2016-03-07,686.9,708.0912,695.16,706.9
2016-03-04,706.02,716.49,710.89,714.99
2016-03-03,706.02,719.45,712.42,718.68
2016-03-02,712.0,720.0,718.85,719.0
2016-03-01,699.77,718.81,718.81,703.62
2016-02-29,697.68,710.89,697.77,700.32
2016-02-26,700.86,713.43,705.07,708.58
2016-02-25,690.585,705.98,705.75,700.01
2016-02-24,680.78,700.0,699.56,688.92
2016-02-23,693.58,708.4,695.85,701.45
2016-02-22,702.51,713.24,706.46,707.45
2016-02-19,694.05,703.0805,700.91,695.03
2016-02-18,696.03,712.35,697.35,710.0
2016-02-17,691.38,709.75,708.4,699.0
2016-02-16,685.05,698.0,691.0,692.98
2016-02-12,678.6,693.75,682.4,690.26
2016-02-11,668.8675,689.35,683.11,675.0
2016-02-10,682.13,701.31,684.12,686.86
2016-02-09,668.77,699.9,678.11,672.32
2016-02-08,663.06,684.03,682.74,667.85
2016-02-05,680.15,703.99,683.57,703.87
2016-02-04,701.86,727.0,708.01,722.81
2016-02-03,720.5,774.5,726.95,770.22
2016-02-02,764.65,789.8699,764.65,784.5
2016-02-01,743.27,757.86,752.0,750.46
2016-01-29,726.8,744.9899,742.95,731.53
2016-01-28,712.35,733.69,730.96,722.22
2016-01-27,694.39,718.235,699.99,713.67
2016-01-26,706.48,718.28,713.04,713.85
2016-01-25,710.01,729.68,711.67,723.58
2016-01-22,720.121,728.13,725.25,723.6
2016-01-21,694.46,719.19,706.59,702.18
2016-01-20,673.26,706.85,698.45,688.61
2016-01-19,693.4101,709.98,701.79,703.3
2016-01-15,685.37,706.74,694.45,692.29
2016-01-14,689.1,721.925,714.72,705.38
2016-01-13,698.61,734.74,700.56,730.85
2016-01-12,717.3165,728.75,726.07,721.68
2016-01-11,703.54,718.855,716.03,716.61
2016-01-08,713.0,733.23,714.47,731.45
2016-01-07,719.06,738.5,726.39,730.31
2016-01-06,728.92,747.18,743.62,730.0
2016-01-05,738.64,752.0,742.58,746.45
2016-01-04,731.2577,744.06,741.84,743.0
2015-12-31,758.34,769.5,758.88,769.5
2015-12-30,766.9,777.6,771.0,776.6
2015-12-29,766.43,779.98,776.6,766.69
2015-12-28,749.52,762.99,762.51,752.92
2015-12-24,746.62,751.35,748.4,749.55
2015-12-23,744.0,754.21,750.31,753.47
2015-12-22,745.53,754.85,750.0,751.65
2015-12-21,740.0,750.0,747.77,746.13
2015-12-18,738.15,754.13,739.31,746.51
2015-12-17,749.0,762.68,749.43,762.42
2015-12-16,739.435,760.59,758.09,750.0
2015-12-15,743.01,758.08,743.4,753.0
2015-12-14,724.17,748.73,747.77,741.79
2015-12-11,736.75,745.71,738.87,741.16
2015-12-10,743.83,755.85,749.46,752.85
2015-12-09,737.001,764.23,751.61,759.17
2015-12-08,754.2,764.8,762.37,757.89
2015-12-07,755.09,768.73,763.25,767.77
2015-12-04,750.0,768.49,766.81,753.1
2015-12-03,745.63,768.995,752.54,766.01
2015-12-02,758.96,775.955,762.38,768.9
2015-12-01,746.7,768.95,767.04,747.11
2015-11-30,741.27,754.93,742.6,748.81
2015-11-27,747.49,753.41,750.26,748.46
2015-11-25,746.06,752.0,748.15,748.14
2015-11-24,737.63,755.279,748.28,752.0
2015-11-23,751.82,762.7075,755.98,757.45
2015-11-20,743.0,757.92,756.6,746.53
2015-11-19,737.43,742.0,738.41,738.74
2015-11-18,727.0,741.41,740.0,727.58
2015-11-17,723.027,731.845,725.3,729.29
2015-11-16,711.33,729.49,728.96,715.6
2015-11-13,716.73,731.15,717.0,729.17
2015-11-12,728.645,737.8,731.23,731.0
2015-11-11,730.23,741.0,735.4,732.46
2015-11-10,718.5001,730.59,728.32,724.4
2015-11-09,719.43,734.71,724.89,730.2
2015-11-06,727.01,735.41,733.76,731.5
2015-11-05,729.47,739.48,731.25,729.47
2015-11-04,721.9,733.1,728.11,722.0
2015-11-03,714.72,724.65,722.16,718.86
2015-11-02,705.85,721.62,721.11,711.06
2015-10-30,710.05,718.0,710.81,715.73
2015-10-29,710.01,718.26,716.92,710.5
2015-10-28,703.08,712.98,712.95,707.33
2015-10-27,704.55,713.62,708.49,707.38
2015-10-26,701.26,719.15,712.78,701.55
2015-10-23,701.5,730.0,702.0,727.5
2015-10-22,644.01,657.8,651.79,646.7
2015-10-21,641.73,655.87,642.61,654.15
2015-10-20,644.195,664.7197,650.28,664.04
2015-10-19,659.58,666.82,666.1,661.18
2015-10-16,657.2,664.97,662.2,664.11
2015-10-15,654.46,663.13,661.74,654.66
2015-10-14,648.85,659.39,651.16,653.21
2015-10-13,643.15,657.8125,652.3,643.15
2015-10-12,639.01,648.5,646.67,642.09
2015-10-09,635.318,645.99,643.61,640.0
2015-10-08,625.56,644.45,639.16,641.36
2015-10-07,632.15,650.609,642.36,649.24
2015-10-06,636.5295,649.25,645.44,638.84
2015-10-05,627.0,643.01,641.47,632.0
2015-10-02,603.13,627.34,626.91,607.2
2015-10-01,599.85,612.09,611.29,608.37
2015-09-30,600.73,608.76,608.42,603.28
2015-09-29,590.22,605.0,594.97,597.28
2015-09-28,589.38,614.605,594.89,610.34
2015-09-25,611.0,629.77,611.97,629.77
2015-09-24,612.4,627.32,625.8,616.64
2015-09-23,620.0,628.93,622.36,622.05
2015-09-22,615.43,627.55,622.69,627.0
2015-09-21,625.94,636.49,635.44,634.4
2015-09-18,627.02,640.0,629.25,636.79
2015-09-17,635.02,650.9,642.9,637.79
2015-09-16,632.32,637.95,635.98,635.47
2015-09-15,623.78,638.7,635.14,626.7
2015-09-14,619.43,625.86,623.24,625.7
2015-09-11,617.42,625.78,625.77,619.75
2015-09-10,611.43,624.16,621.35,613.1
2015-09-09,609.6,626.52,612.72,621.22
2015-09-08,604.12,616.31,614.66,612.49
2015-09-04,595.25,603.47,600.7,600.0
2015-09-03,602.8213,619.71,606.25,617.0
2015-09-02,599.71,614.34,614.34,605.68
2015-09-01,594.1,612.86,597.79,602.36
2015-08-31,617.68,635.8,618.25,627.54
2015-08-28,624.56,636.88,630.38,632.82
2015-08-27,622.0,643.59,637.61,639.4
2015-08-26,599.05,631.71,628.62,610.35
2015-08-25,581.11,617.45,582.06,614.91
2015-08-24,565.05,614.0,589.61,573.0
2015-08-21,612.33,640.05,612.48,639.78
2015-08-20,642.9,662.99,646.83,655.46
2015-08-19,654.19,667.0,660.9,656.6
2015-08-18,653.46,664.0,656.13,661.9
2015-08-17,651.24,661.38,660.87,656.8
2015-08-14,652.66,659.855,657.12,655.01
2015-08-13,651.661,664.5,656.45,659.3225
2015-08-12,652.29,665.0,659.56,663.08
2015-08-11,654.27,674.9,660.78,669.2
2015-08-10,631.249,643.44,633.73,639.48
2015-08-07,629.71,642.68,635.3,640.23
2015-08-06,632.25,645.379,642.68,645.0
2015-08-05,633.16,647.86,643.78,634.33
2015-08-04,627.16,634.81,629.25,628.42
2015-08-03,625.34,633.0556,631.21,625.34
2015-07-31,625.5,632.91,625.61,631.38
2015-07-30,622.05,635.22,632.59,630.0
2015-07-29,622.65,633.36,631.93,628.8
2015-07-28,623.31,632.83,628.0,632.83
2015-07-27,620.5,634.3,627.26,621.0
2015-07-24,622.52,648.17,623.56,647.0
2015-07-23,641.0,663.63,644.28,661.27
2015-07-22,659.0,678.64,662.1,660.89
2015-07-21,654.3,673.0,662.3,655.21
2015-07-20,653.01,668.88,663.02,659.24
2015-07-17,645.0,674.468,672.93,649.0
2015-07-16,565.0,580.68,579.85,565.12
2015-07-15,556.79,566.5029,560.22,560.13
2015-07-14,546.71,565.8487,561.1,546.76
2015-07-13,532.4001,547.11,546.55,532.88
2015-07-10,525.55,532.56,530.13,526.29
2015-07-09,520.35,523.77,520.68,523.12
2015-07-08,516.11,522.734,516.83,521.05
2015-07-07,515.18,526.18,525.02,523.13
2015-07-06,519.0,525.25,522.86,519.5
2015-07-02,521.08,524.65,523.4,521.08
2015-07-01,518.2305,525.69,521.84,524.73
2015-06-30,520.5,526.25,520.51,526.02
2015-06-29,520.54,528.61,521.52,525.01
2015-06-26,531.35,537.76,531.69,537.26
2015-06-25,535.23,540.9,535.23,538.87
2015-06-24,535.66,540.0,537.84,540.0
2015-06-23,535.25,541.499,540.48,539.64
2015-06-22,537.53,543.74,538.19,539.59
2015-06-19,533.01,538.25,536.69,537.21
2015-06-18,530.79,538.15,536.73,531.0
2015-06-17,525.1,530.98,529.26,529.37
2015-06-16,525.56,529.6399,528.15,528.4
2015-06-15,524.0,528.3,527.2,528.0
2015-06-12,530.16,533.12,532.33,531.6
2015-06-11,533.02,538.98,534.61,538.425
2015-06-10,529.35,538.36,536.69,529.36
2015-06-09,523.01,529.2,526.69,527.56
2015-06-08,526.24,534.12,526.83,533.31
2015-06-05,532.52,537.2,533.33,536.35
2015-06-04,534.32,540.59,536.7,537.76
2015-06-03,537.11,543.5,540.31,539.91
2015-06-02,531.33,543.0,539.18,532.93
2015-06-01,529.76,536.79,533.99,536.79
2015-05-29,531.45,538.63,532.11,537.37
2015-05-28,536.25,540.61,539.78,538.01
2015-05-27,531.71,540.55,539.79,532.8
2015-05-26,529.88,539.0,532.32,538.12
2015-05-22,539.51,544.19,540.11,540.15
2015-05-21,535.98,543.8399,542.51,537.95
2015-05-20,532.972,542.92,539.27,538.49
2015-05-19,533.04,540.66,537.36,533.98
2015-05-18,528.85,534.82,532.3,532.01
2015-05-15,530.38,539.2743,533.85,539.18
2015-05-14,532.41,539.0,538.4,533.77
2015-05-13,528.655,534.3215,529.62,530.56
2015-05-12,525.26,533.2089,529.04,531.6
2015-05-11,535.4,541.98,535.7,538.37
2015-05-08,536.0,541.15,538.22,536.65
2015-05-07,521.75,533.46,530.7,523.99
2015-05-06,521.085,532.38,524.22,531.24
2015-05-05,530.3906,539.74,530.8,538.21
2015-05-04,535.06,544.07,540.78,538.53
2015-05-01,532.1,539.54,537.9,538.43
2015-04-30,535.05,548.59,537.34,547.87
2015-04-29,546.905,553.68,549.08,550.47
2015-04-28,550.366,556.02,553.68,554.64
2015-04-27,553.2001,565.95,555.37,563.39
2015-04-24,557.25,571.14,565.06,566.1
2015-04-23,540.23,550.96,547.0,541.0
2015-04-22,531.75,541.08,539.365,534.4
2015-04-21,533.675,539.39,533.97,537.51
2015-04-20,524.5,536.09,535.38,525.6
2015-04-17,521.01,529.84,524.05,528.66
2015-04-16,529.61,535.59,533.8,529.9
2015-04-15,523.22,534.73,532.53,528.7
2015-04-14,528.0925,537.5699,530.39,536.25
2015-04-13,537.31,544.06,539.17,538.41
2015-04-10,537.31,542.29,540.01,542.29
2015-04-09,535.49,541.95,540.78,541.03
2015-04-08,538.38,543.85,541.61,538.38
2015-04-07,536.0,542.69,537.02,538.08
2015-04-06,529.57,538.41,536.765,532.22
2015-04-02,533.8467,540.85,535.53,540.85
2015-04-01,539.5,551.14,542.56,548.6
2015-03-31,546.72,554.71,548.0,550.0
2015-03-30,548.17,553.47,552.03,551.62
2015-03-27,548.13,555.28,548.34,553.0
2015-03-26,550.65,558.9,555.17,557.59
2015-03-25,558.74,572.26,558.785,570.5
2015-03-24,561.21,574.59,570.19,562.56
2015-03-23,555.83,562.36,558.81,560.43
2015-03-20,559.05,561.72,560.36,561.65
2015-03-19,556.145,560.8,557.99,559.39
2015-03-18,547.0001,559.78,559.5,552.5
2015-03-17,548.0,553.8,550.84,551.71
2015-03-16,546.0,556.85,554.51,550.95
2015-03-13,544.22,558.4,547.32,553.5
2015-03-12,550.46,556.37,555.51,553.51
2015-03-11,550.68,558.14,551.18,555.14
2015-03-10,554.73,564.85,555.01,564.25
2015-03-09,563.535,570.27,568.85,566.86
2015-03-06,566.76,576.6799,567.685,574.88
2015-03-05,573.41,577.91,575.33,575.02
2015-03-04,568.01,577.11,573.37,571.87
2015-03-03,566.52,575.39,573.64,570.45
2015-03-02,558.75,572.15,571.34,560.53
2015-02-27,552.9,564.71,558.4,554.24
2015-02-26,541.5,556.14,555.48,543.21
2015-02-25,535.445,546.22,543.87,535.9
2015-02-24,528.25,536.79,536.09,530.0
2015-02-23,529.41,536.439,531.91,536.05
2015-02-20,535.8,543.75,538.95,543.13
2015-02-19,538.01,543.11,542.87,538.04
2015-02-18,537.51,545.49,539.7,541.4
2015-02-17,541.09,550.0,542.84,546.83
2015-02-13,543.13,549.91,549.01,543.35
2015-02-12,534.673,544.82,542.93,537.25
2015-02-11,533.3775,538.45,535.97,535.3
2015-02-10,526.92,537.7,536.94,529.3
2015-02-09,526.02,532.0,527.83,528.0
2015-02-06,526.41,537.2,531.0,527.64
2015-02-05,522.09,528.5,527.58,523.79
2015-02-04,521.27,532.6715,522.76,529.24
2015-02-03,523.26,533.4,529.24,528.0
2015-02-02,518.55,533.0,528.48,531.73
2015-01-30,515.52,539.87,534.52,515.86
2015-01-29,501.2,511.09,510.66,511.0
2015-01-28,510.0,522.99,510.0,522.78
2015-01-27,518.19,530.7,518.63,529.97
2015-01-26,529.67,539.0,535.21,538.53
2015-01-23,533.0,542.17,539.95,535.59
2015-01-22,519.7,536.33,534.39,521.48
2015-01-21,506.2,519.28,518.04,507.25
2015-01-20,506.016,512.5,506.9,511.0
2015-01-16,500.0,508.19,508.08,500.01
2015-01-15,497.76,505.68,501.79,505.57
2015-01-14,493.0,503.23,500.87,494.65
2015-01-13,492.39,502.98,496.18,498.84
2015-01-12,487.56,495.976,492.55,494.94
2015-01-09,494.79,504.92,496.17,504.76
2015-01-08,491.0,503.48,502.68,497.99
2015-01-07,499.65,507.244,501.1,507.0
2015-01-06,501.05,516.175,501.96,515.0
2015-01-05,513.06,524.33,513.87,523.26
2015-01-02,524.1,531.27,524.81,529.01
2014-12-31,525.8,532.6,526.4,531.25
2014-12-30,527.13,531.15,530.42,528.09
2014-12-29,530.011,535.48,530.33,532.19
2014-12-26,527.31,534.25,534.03,528.77
2014-12-24,527.02,531.759,528.77,530.51
2014-12-23,526.29,534.56,530.59,527.0
2014-12-22,516.08,526.46,524.87,516.08
2014-12-19,506.9106,517.72,516.35,511.51
2014-12-18,504.7,513.87,511.1,512.95
2014-12-17,496.81,507.0,504.89,497.0
2014-12-16,489.0,513.05,495.39,511.56
2014-12-15,513.27,523.1,513.8,522.74
2014-12-12,518.66,528.5,518.66,523.51
2014-12-11,527.1,533.92,528.34,527.8
2014-12-10,525.56,536.33,526.06,533.08
2014-12-09,520.5,534.19,533.37,522.14
2014-12-08,523.79,531.0,526.98,527.13
2014-12-05,524.28,532.89,525.26,531.0
2014-12-04,528.59,537.34,537.31,531.16
2014-12-03,529.26,535.996,531.32,531.44
2014-12-02,529.8,535.5,533.75,533.51
2014-12-01,531.86,541.41,533.8,538.9
2014-11-28,536.6,542.0,541.83,540.62
2014-11-26,537.042,541.55,540.37,540.88
2014-11-25,538.602,543.98,541.08,539.0
2014-11-24,535.62,542.7,539.27,537.65
2014-11-21,536.56,542.14,537.5,541.61
2014-11-20,531.08,535.11,534.83,531.25
2014-11-19,530.08,538.24,536.99,535.0
2014-11-18,534.17,541.94,535.03,537.5
2014-11-17,534.061,543.79,536.51,543.58
2014-11-14,542.15,546.68,544.4,546.68
2014-11-13,543.48,549.8,545.38,549.8
2014-11-12,545.17,550.46,547.31,550.39
2014-11-11,546.3,551.9399,550.29,548.49
2014-11-10,541.02,549.59,547.49,541.46
2014-11-07,538.67,546.21,541.01,546.21
2014-11-06,540.97,546.885,542.04,545.5
2014-11-05,544.05,556.8,545.92,556.8
2014-11-04,549.3,555.5,554.11,553.0
2014-11-03,553.23,557.9,555.22,555.5
2014-10-31,554.75,559.57,559.08,559.35
2014-10-30,543.51,552.8,550.31,548.95
2014-10-29,546.98,554.19,549.33,550.0
2014-10-28,541.62,548.98,548.9,543.0
2014-10-27,537.03,544.41,540.77,537.03
2014-10-24,535.79,544.88,539.78,544.36
2014-10-23,535.85,547.22,543.98,539.32
2014-10-22,528.8,539.8,532.71,529.89
2014-10-21,519.11,526.79,526.54,525.19
2014-10-20,508.1,521.76,520.84,509.45
2014-10-17,508.53,530.98,511.17,527.25
2014-10-16,515.0,529.43,524.51,519.0
2014-10-15,518.3,532.8,530.03,531.01
2014-10-14,533.1695,547.19,537.94,538.9
2014-10-13,533.1,549.5,533.21,544.99
2014-10-10,544.05,565.1299,544.49,557.72
2014-10-09,559.06,571.49,560.88,571.18
2014-10-08,557.49,573.88,572.5,565.57
2014-10-07,563.74,575.27,563.74,574.4
2014-10-06,574.44,581.0,577.35,578.8
2014-10-03,572.5,577.225,575.28,573.05
2014-10-02,563.32,571.91,570.08,567.31
2014-10-01,567.01,577.5799,568.27,576.01
2014-09-30,572.85,579.85,577.36,576.93
2014-09-29,571.17,578.19,576.36,571.75
2014-09-26,574.66,579.25,577.1,576.06
2014-09-25,574.18,587.98,575.06,587.55
2014-09-24,580.52,589.63,587.99,581.46
2014-09-23,581.0,586.85,581.13,586.85
2014-09-22,583.46,593.949,587.37,593.82
2014-09-19,589.5,596.48,596.08,591.5
2014-09-18,585.0,589.54,589.27,587.0
2014-09-17,578.775,587.5199,584.77,580.01
2014-09-16,572.66,581.5,579.95,572.76
2014-09-15,568.21,574.95,573.1,572.94
2014-09-12,574.46,581.64,575.62,581.0
2014-09-11,576.26,581.81,581.35,580.36
2014-09-10,576.94,583.5,583.1,581.5
2014-09-09,580.0,589.0,581.01,588.9
2014-09-08,586.3,591.77,589.72,586.6
2014-09-05,581.95,586.55,586.08,583.98
2014-09-04,579.22,586.0,581.98,580.0
2014-09-03,575.0,582.99,577.94,580.0
2014-09-02,571.19,577.83,577.33,571.85
2014-08-29,567.0692,572.04,571.6,571.33
2014-08-28,567.1,573.25,569.2,569.56
2014-08-27,570.103,578.49,571.0,577.27
2014-08-26,576.58,581.8,577.86,581.26
2014-08-25,579.0,585.0,580.2,584.72
2014-08-22,580.64,585.236,582.56,583.59
2014-08-21,581.14,584.5,583.37,583.82
2014-08-20,582.57,586.7,584.49,585.88
2014-08-19,584.0,587.34,586.86,585.0
2014-08-18,576.0,584.51,582.16,576.11
2014-08-15,570.52,579.38,573.48,577.86
2014-08-14,570.88,577.9,574.65,576.18
2014-08-13,565.75,575.0,574.78,567.31
2014-08-12,560.88,565.9,562.73,564.52
2014-08-11,566.0,570.49,567.88,569.99
2014-08-08,560.35,570.25,568.77,563.56
2014-08-07,561.1,569.89,563.36,568.0
2014-08-06,560.0,570.7,566.374,561.78
2014-08-05,562.61,571.98,565.07,570.05
2014-08-04,564.1,575.35,573.15,569.04
2014-08-01,562.85,575.9599,566.07,570.4
2014-07-31,570.0,583.6499,571.6,580.6
2014-07-30,584.0,589.5,587.42,586.55
2014-07-29,583.515,589.7,585.61,588.75
2014-07-28,584.7533,592.5,590.6,588.07
2014-07-25,587.03,591.86,589.02,590.4
2014-07-24,591.77,599.5,593.35,596.45
2014-07-23,592.5,597.85,595.98,593.23
2014-07-22,590.6,599.65,594.74,590.72
2014-07-21,585.2326,594.4,589.47,591.75
2014-07-18,582.0,596.8,595.08,593.0
2014-07-17,568.61,580.99,573.7299,579.53
2014-07-16,582.2,588.4,582.66,588.0
2014-07-15,576.56,585.8045,584.78,585.74
2014-07-14,578.03,585.21,584.87,582.6
2014-07-11,571.42,580.85,579.18,571.91
2014-07-10,565.01,576.59,571.1,565.91
2014-07-09,569.376,576.72,576.08,571.58
2014-07-08,566.135,579.5284,571.09,577.66
2014-07-07,579.59,586.4299,582.25,583.76
2014-07-03,580.92,585.01,584.73,583.35
2014-07-02,580.39,585.4399,582.335,583.35
2014-07-01,576.65,584.4,582.67,578.32
2014-06-30,574.75,579.57,575.28,578.66
2014-06-27,573.8,579.87,577.24,577.18
2014-06-26,571.85,582.45,576.0,581.0
2014-06-25,565.22,579.96,578.65,565.26
2014-06-24,561.01,572.646,564.62,565.19
2014-06-23,554.25,565.0,564.95,555.15
2014-06-20,550.3915,557.58,556.36,556.85
2014-06-19,548.51,555.0,554.9,554.24
2014-06-18,544.0,553.56,553.37,544.86
2014-06-17,539.33,545.32,543.01,544.2
2014-06-16,541.52,549.62,544.28,549.26
2014-06-13,545.56,552.3,551.76,552.26
2014-06-12,548.46,557.99,551.35,557.3
2014-06-11,555.0201,559.88,558.84,558.0
2014-06-10,557.9,563.6,560.55,560.51
2014-06-09,556.04,562.9,562.12,557.15
2014-06-06,548.93,558.06,556.33,558.06
2014-06-05,544.45,554.95,553.9,546.4
2014-06-04,538.75,548.61,544.66,541.5
2014-06-03,542.55,552.34,544.94,550.99
2014-06-02,545.73,560.9,553.93,560.7
2014-05-30,555.91,561.35,559.89,560.8
2014-05-29,558.71,564.0,560.08,563.35
2014-05-28,561.0,567.84,561.68,564.57
2014-05-27,554.35,566.0,565.95,556.0
2014-05-23,543.7,553.64,552.7,547.26
2014-05-22,540.78,547.5999,545.06,541.13
2014-05-21,531.91,539.1828,538.94,532.9
2014-05-20,526.3,536.23,529.77,529.74
2014-05-19,517.583,529.78,528.86,519.7
2014-05-16,515.44,521.8,520.63,521.39
2014-05-15,517.42,525.87,519.98,525.7
2014-05-14,525.29,533.0,526.65,533.0
2014-05-13,529.51,536.07,533.09,530.89
2014-05-12,519.01,530.19,529.92,523.51
2014-05-09,504.2,519.9,518.73,510.75
2014-05-08,506.45,517.23,511.0,508.46
2014-05-07,503.3,516.68,509.96,515.79
2014-05-06,515.06,526.81,515.14,525.23
2014-05-05,521.32,528.9,527.81,524.82
2014-05-02,525.61,533.9999,527.93,533.76
2014-05-01,523.88,532.93,531.35,527.11
2014-04-30,522.52,528.0,526.66,527.6
2014-04-29,516.32,529.46,527.7,516.9
2014-04-28,502.8,518.6,517.15,517.18
2014-04-25,515.42,524.7,516.18,522.51
2014-04-24,522.12,531.65,525.16,530.07
2014-04-23,526.25,533.87,526.94,533.79
2014-04-22,527.51,537.23,534.81,528.64
2014-04-21,525.6,536.7,528.62,536.1
2014-04-17,531.15,549.5,536.1,548.81
2014-04-16,540.0,557.0,556.54,543.0
2014-04-15,518.4601,538.45,536.44,536.82
2014-04-14,529.561,544.1,532.52,538.25
2014-04-11,526.53,540.0,530.6,532.55
2014-04-10,539.9,565.0,540.95,565.0
2014-04-09,552.95,565.37,564.14,559.62
2014-04-08,541.61,555.0,554.9,542.6
2014-04-07,527.15,548.48,538.15,540.74
2014-04-04,543.0,577.77,543.14,574.65
2014-04-03,564.13,587.28,569.74,569.85
2014-04-02,562.19,604.83,567.0,565.106
2014-04-01,558.71,568.45,567.16,558.71
2014-03-31,556.93,567.0,556.97,566.89
2014-03-28,558.67,566.43,559.99,561.2
2014-03-27,552.92,568.0,558.46,568.0
